,Region,Count,p-value,FDR-corrected p,Significant,Cohen's h
0,"Sensory_Somatomotor_Hand_27
",98,3.1656499462949823e-125,1.6777944715363407e-123,True,2.4102602996724634
1,"Sensory_Somatomotor_Hand_24
",98,3.1656499462949823e-125,1.6777944715363407e-123,True,2.4102602996724634
2,"Sensory_Somatomotor_Hand_37
",97,1.9977098784906254e-122,7.0585749040002095e-121,True,2.34588838760783
3,"Uncertain_142
",93,2.754593858464761e-112,7.299673724931617e-111,True,2.158527754566403
4,"Uncertain_2
",92,6.186452547709959e-110,1.3115279401145112e-108,True,2.120541304457694
5,"Sensory_Somatomotor_Hand_19
",88,4.865324749709952e-101,8.595407057820915e-100,True,1.9865711971014481
6,"Sensory_Somatomotor_Hand_18
",85,8.463256886961284e-95,1.2815789000255658e-93,True,1.8986555786966473
7,"Sensory_Somatomotor_Hand_34
",82,7.389706145093056e-89,9.791360642248299e-88,True,1.8177563477124496
8,"Sensory_Somatomotor_Hand_28
",78,2.463436305712154e-81,2.9013805378387596e-80,True,1.7176438820869562
9,"Sensory_Somatomotor_Hand_21
",68,3.4932973519394605e-64,3.702895193055828e-63,True,1.491525975522534
10,"Sensory_Somatomotor_Hand_36
",66,5.3002138572296024e-61,5.107478807875799e-60,True,1.4489875693805243
11,"Sensory_Somatomotor_Hand_23
",62,7.228506101797579e-55,6.385180389921195e-54,True,1.3656239331248574
12,"Sensory_Somatomotor_Hand_31
",49,6.682892226798942e-37,5.449127508005291e-36,True,1.1032567485125033
13,"Sensory_Somatomotor_Hand_35
",31,6.639632376990814e-17,5.027150228293045e-16,True,0.7334617856116334
14,"Fronto-parietal_Task_Control_177
",10,0.0257365094011022,0.18187133310112222,False,0.19596286408428176
15,"Sensory_Somatomotor_Hand_41
",8,0.1202266401894496,0.7496484623577446,False,0.12597485971409417
16,"Subcortical_228
",8,0.1202266401894496,0.7496484623577446,False,0.12597485971409417
17,"Sensory_Somatomotor_Hand_25
",7,0.22283719526309764,0.9935882074711277,False,0.08798840960538523
18,"Visual_171
",6,0.3703713566905933,0.9935882074711277,False,0.0473958816318929
19,"Fronto-parietal_Task_Control_199
",6,0.3703713566905933,0.9935882074711277,False,0.0473958816318929
20,"Sensory_Somatomotor_Hand_14
",5,0.550279411030518,0.9935882074711277,False,0.0034885670872598085
21,"Subcortical_233
",5,0.550279411030518,0.9935882074711277,False,0.0034885670872598085
22,"Sensory_Somatomotor_Hand_38
",5,0.550279411030518,0.9935882074711277,False,0.0034885670872598085
23,"Fronto-parietal_Task_Control_192
",4,0.7311965650342083,0.9935882074711277,False,-0.044822403128341015
24,"Visual_157
",4,0.7311965650342083,0.9935882074711277,False,-0.044822403128341015
25,"Sensory_Somatomotor_Hand_30
",4,0.7311965650342083,0.9935882074711277,False,-0.044822403128341015
26,"Fronto-parietal_Task_Control_191
",4,0.7311965650342083,0.9935882074711277,False,-0.044822403128341015
27,"Visual_172
",4,0.7311965650342083,0.9935882074711277,False,-0.044822403128341015
28,"Memory_retrieval_135
",4,0.7311965650342083,0.9935882074711277,False,-0.044822403128341015
29,"Fronto-parietal_Task_Control_179
",4,0.7311965650342083,0.9935882074711277,False,-0.044822403128341015
30,"Default_mode_86
",3,0.8752416265882981,0.9935882074711277,False,-0.09937222343604174
31,"Dorsal_attention_258
",3,0.8752416265882981,0.9935882074711277,False,-0.09937222343604174
32,"Salience_204
",3,0.8752416265882981,0.9935882074711277,False,-0.09937222343604174
33,"Uncertain_185
",3,0.8752416265882981,0.9935882074711277,False,-0.09937222343604174
34,"Visual_164
",3,0.8752416265882981,0.9935882074711277,False,-0.09937222343604174
35,"Default_mode_94
",3,0.8752416265882981,0.9935882074711277,False,-0.09937222343604174
36,"Visual_169
",3,0.8752416265882981,0.9935882074711277,False,-0.09937222343604174
37,"Sensory_Somatomotor_Hand_22
",3,0.8752416265882981,0.9935882074711277,False,-0.09937222343604174
38,"Visual_160
",3,0.8752416265882981,0.9935882074711277,False,-0.09937222343604174
39,"Sensory_Somatomotor_Hand_15
",3,0.8752416265882981,0.9935882074711277,False,-0.09937222343604174
40,"Visual_155
",3,0.8752416265882981,0.9935882074711277,False,-0.09937222343604174
41,"Sensory_Somatomotor_Mouth_42
",3,0.8752416265882981,0.9935882074711277,False,-0.09937222343604174
42,"Visual_149
",3,0.8752416265882981,0.9935882074711277,False,-0.09937222343604174
43,"Sensory_Somatomotor_Mouth_44
",3,0.8752416265882981,0.9935882074711277,False,-0.09937222343604174
44,"Visual_170
",3,0.8752416265882981,0.9935882074711277,False,-0.09937222343604174
45,"Visual_162
",3,0.8752416265882981,0.9935882074711277,False,-0.09937222343604174
46,"Default_mode_127
",3,0.8752416265882981,0.9935882074711277,False,-0.09937222343604174
47,"Default_mode_120
",2,0.9603797202697971,0.9935882074711277,False,-0.1637441355006748
48,"Ventral_attention_240
",2,0.9603797202697971,0.9935882074711277,False,-0.1637441355006748
49,"Visual_159
",2,0.9603797202697971,0.9935882074711277,False,-0.1637441355006748
50,"Visual_156
",2,0.9603797202697971,0.9935882074711277,False,-0.1637441355006748
51,"Cingulo-opercular_Task_Control_50
",2,0.9603797202697971,0.9935882074711277,False,-0.1637441355006748
52,"Uncertain_182
",2,0.9603797202697971,0.9935882074711277,False,-0.1637441355006748
53,"Memory_retrieval_133
",2,0.9603797202697971,0.9935882074711277,False,-0.1637441355006748
54,"Visual_145
",2,0.9603797202697971,0.9935882074711277,False,-0.1637441355006748
55,"Visual_146
",2,0.9603797202697971,0.9935882074711277,False,-0.1637441355006748
56,"Default_mode_122
",2,0.9603797202697971,0.9935882074711277,False,-0.1637441355006748
57,"Dorsal_attention_257
",2,0.9603797202697971,0.9935882074711277,False,-0.1637441355006748
58,"Dorsal_attention_252
",2,0.9603797202697971,0.9935882074711277,False,-0.1637441355006748
59,"Default_mode_101
",2,0.9603797202697971,0.9935882074711277,False,-0.1637441355006748
60,"Default_mode_112
",2,0.9603797202697971,0.9935882074711277,False,-0.1637441355006748
61,"Default_mode_89
",2,0.9603797202697971,0.9935882074711277,False,-0.1637441355006748
62,"Default_mode_100
",1,0.9935882074711277,0.9935882074711277,False,-0.247203402385883
63,"Sensory_Somatomotor_Hand_17
",1,0.9935882074711277,0.9935882074711277,False,-0.247203402385883
64,"Salience_205
",1,0.9935882074711277,0.9935882074711277,False,-0.247203402385883
65,"Cingulo-opercular_Task_Control_49
",1,0.9935882074711277,0.9935882074711277,False,-0.247203402385883
66,"Default_mode_110
",1,0.9935882074711277,0.9935882074711277,False,-0.247203402385883
67,"Salience_210
",1,0.9935882074711277,0.9935882074711277,False,-0.247203402385883
68,"Uncertain_8
",1,0.9935882074711277,0.9935882074711277,False,-0.247203402385883
69,"Ventral_attention_242
",1,0.9935882074711277,0.9935882074711277,False,-0.247203402385883
70,"Subcortical_234
",1,0.9935882074711277,0.9935882074711277,False,-0.247203402385883
71,"Salience_211
",1,0.9935882074711277,0.9935882074711277,False,-0.247203402385883
72,"Ventral_attention_236
",1,0.9935882074711277,0.9935882074711277,False,-0.247203402385883
73,"Uncertain_253
",1,0.9935882074711277,0.9935882074711277,False,-0.247203402385883
74,"Salience_203
",1,0.9935882074711277,0.9935882074711277,False,-0.247203402385883
75,"Fronto-parietal_Task_Control_195
",1,0.9935882074711277,0.9935882074711277,False,-0.247203402385883
76,"Default_mode_97
",1,0.9935882074711277,0.9935882074711277,False,-0.247203402385883
77,"Salience_212
",1,0.9935882074711277,0.9935882074711277,False,-0.247203402385883
78,"Auditory_72
",1,0.9935882074711277,0.9935882074711277,False,-0.247203402385883
79,"Uncertain_140
",1,0.9935882074711277,0.9935882074711277,False,-0.247203402385883
80,"Default_mode_118
",1,0.9935882074711277,0.9935882074711277,False,-0.247203402385883
81,"Uncertain_132
",1,0.9935882074711277,0.9935882074711277,False,-0.247203402385883
82,"Visual_161
",1,0.9935882074711277,0.9935882074711277,False,-0.247203402385883
83,"Default_mode_82
",1,0.9935882074711277,0.9935882074711277,False,-0.247203402385883
84,"Fronto-parietal_Task_Control_193
",1,0.9935882074711277,0.9935882074711277,False,-0.247203402385883
85,"Default_mode_77
",1,0.9935882074711277,0.9935882074711277,False,-0.247203402385883
86,"Visual_147
",1,0.9935882074711277,0.9935882074711277,False,-0.247203402385883
87,"Auditory_69
",1,0.9935882074711277,0.9935882074711277,False,-0.247203402385883
88,"Fronto-parietal_Task_Control_197
",1,0.9935882074711277,0.9935882074711277,False,-0.247203402385883
89,"Subcortical_224
",1,0.9935882074711277,0.9935882074711277,False,-0.247203402385883
90,"Uncertain_12
",1,0.9935882074711277,0.9935882074711277,False,-0.247203402385883
91,"Default_mode_126
",1,0.9935882074711277,0.9935882074711277,False,-0.247203402385883
92,"Salience_213
",1,0.9935882074711277,0.9935882074711277,False,-0.247203402385883
93,"Fronto-parietal_Task_Control_196
",1,0.9935882074711277,0.9935882074711277,False,-0.247203402385883
94,"Uncertain_11
",1,0.9935882074711277,0.9935882074711277,False,-0.247203402385883
95,"Salience_217
",1,0.9935882074711277,0.9935882074711277,False,-0.247203402385883
96,"Visual_143
",1,0.9935882074711277,0.9935882074711277,False,-0.247203402385883
97,"Cingulo-opercular_Task_Control_55
",1,0.9935882074711277,0.9935882074711277,False,-0.247203402385883
98,"Visual_151
",1,0.9935882074711277,0.9935882074711277,False,-0.247203402385883
99,"Visual_163
",1,0.9935882074711277,0.9935882074711277,False,-0.247203402385883
100,"Default_mode_107
",1,0.9935882074711277,0.9935882074711277,False,-0.247203402385883
101,"Visual_158
",1,0.9935882074711277,0.9935882074711277,False,-0.247203402385883
102,"Visual_152
",1,0.9935882074711277,0.9935882074711277,False,-0.247203402385883
103,"Sensory_Somatomotor_Hand_33
",1,0.9935882074711277,0.9935882074711277,False,-0.247203402385883
104,"Default_mode_80
",1,0.9935882074711277,0.9935882074711277,False,-0.247203402385883
105,"Default_mode_121
",1,0.9935882074711277,0.9935882074711277,False,-0.247203402385883
